roll_no,name,Maths,Physics,Chemistry,English,Computer Science
21CS001,Asha Kumar,95,88,91,84,98
21CS002,Rahul Verma,72,65,58,70,81
21CS003,Priya Sharma,88,92,85,90,94
21CS004,Karthik Raja,45,38,30,55,60
21CS005,Divya Nair,67,71,74,80,77
21CS006,Mohammed Irfan,81,79,83,76,88
21CS007,Sneha Reddy,55,48,52,65,70
21CS008,Vikram Singh,33,40,28,45,AB
21CS009,Ananya Iyer,90,85,89,93,91
21CS010,Arjun Das,72,65,58,70,81
21CS011,Lakshmi Menon,60,57,62,68,73
21CS012,Rohan Gupta,78,82,80,74,85
21CS013,Faulty Row,105,70,60,50,40
21CS014,Missing Column,70,60,50
21CS001,Duplicate Roll,50,50,50,50,50
